filename,length,chroma_stft_mean,chroma_stft_var,rms_mean,rms_var,spectral_centroid_mean,spectral_centroid_var,spectral_bandwidth_mean,spectral_bandwidth_var,rolloff_mean,rolloff_var,zero_crossing_rate_mean,zero_crossing_rate_var,harmony_mean,harmony_var,perceptr_mean,perceptr_var,tempo,mfcc1_mean,mfcc1_var,mfcc2_mean,mfcc2_var,mfcc3_mean,mfcc3_var,mfcc4_mean,mfcc4_var
Rema-Calm-Down.wav,0.3945910930633545,0.1538594663143158,1632.1125303185545,1886.82144601186,3520.0453814338234,0.058671980819465945,-195.23463439941406,120.20556640625,14.202040672302246,11.905204772949219,7.062676906585693,11.199257850646973,-7.260804176330566,-0.7022716403007507,-10.14793872833252,-0.29273420572280884,-7.519606113433838,0.4648149311542511,-5.509822845458984,3.070009708404541,-3.7620184421539307,3.6364030838012695,-7.227036952972412,-6.0159196853637695,-10.214269638061523,2.979736328125
